{"cameraMode":{"drawMode":0,"name":"Shaded","section":"Shading Mode"},"sceneLighting":true,"audioPlay":false,"sceneViewState":{"m_AlwaysRefresh":false,"showFog":true,"showSkybox":true,"showFlares":true,"showImageEffects":true,"showParticleSystems":true,"showVisualEffectGraphs":true,"m_FxEnabled":true},"in2DMode":false,"pivot":{"x":-0.35611844062805178,"y":0.3386598229408264,"z":-0.46919479966163638},"rotation":{"x":0.039496149867773059,"y":0.6963802576065064,"z":-0.03843780606985092,"w":0.7155539393424988},"size":0.2508332133293152,"orthographic":false}